{
  "model_type": "regime_obstruction_multiscale_try78",
  "feature_names": [
    "prior_sq",
    "prior",
    "log1p_d2d",
    "density_15",
    "density_41",
    "height_15",
    "height_41",
    "density_41_x_logd",
    "nlos_15",
    "nlos_41",
    "nlos_41_x_logd",
    "shadow_sigma",
    "theta_norm",
    "nlos_41_x_theta",
    "bias"
  ],
  "freq_ghz": 7.125,
  "rx_height_m": 1.5,
  "meters_per_pixel": 1.0,
  "height_scale": 90.0,
  "kernel_sizes": [
    15,
    41
  ],
  "city_type_thresholds": {
    "density_q1": 0.1957,
    "density_q2": 0.2549,
    "height_q1": 10.91,
    "height_q2": 15.95
  },
  "antenna_height_thresholds": {
    "q1": 58.12,
    "q2": 103.85
  },
  "meta": {
    "n_fit_samples": 11185
  },
  "coefficients": {
    "mixed_midrise|LoS|high_ant": [
      -0.0005539154806344416,
      0.7607362802887898,
      3.0606553591870074,
      0.1270398566787308,
      0.7925949291387079,
      -2.317982911026296,
      -0.4813247749830648,
      -0.15653167195781534,
      0.1545035490297138,
      -0.21753688484588193,
      0.059654385826302225,
      -47.15439839843107,
      -28.075463607258435,
      -0.5077311095745225,
      48.83296616319417
    ],
    "mixed_midrise|NLoS|high_ant": [
      -0.0003384832564927177,
      -0.026557160964704646,
      8.233287924641093,
      -1.451657971502599,
      -11.658666218741399,
      3.5080869960105474,
      -5.610685922628558,
      1.904183334679155,
      0.9261171496037095,
      12.084146604569035,
      -1.6280021349956186,
      -7.486555370755587,
      -12.664775052724817,
      -10.958966607076993,
      121.4795433230871
    ],
    "mixed_midrise|LoS|mid_ant": [
      -0.0007916801988833453,
      0.7493692671484494,
      3.5184689347044005,
      -0.04757571009190457,
      -0.16033277381424138,
      -0.541763713788512,
      -0.740413402554624,
      0.04041968573149319,
      0.0012125924230918569,
      0.7235192134289291,
      -0.10959126414273576,
      -50.922545213249336,
      -29.91876364904388,
      -0.6480317784322335,
      52.535229679161304
    ],
    "mixed_midrise|NLoS|mid_ant": [
      0.003632009827522044,
      -0.9942507082942541,
      6.663205282380433,
      -0.096342817958759,
      -28.582537221836507,
      12.70876523320816,
      0.17869850972639514,
      4.3737054241426785,
      1.514574568218592,
      16.509692820772134,
      -2.6360632592074533,
      -2.1832545621931048,
      -4.058653976171324,
      -12.34290150472505,
      153.69471659447325
    ],
    "mixed_midrise|LoS|low_ant": [
      -0.00014538366530882196,
      0.6662305136825729,
      3.175306583083734,
      -0.03361905108433416,
      -0.3347331629612597,
      -0.591107043905763,
      0.013519245245978325,
      0.06496866460025194,
      0.021251348999369746,
      0.9034556615653604,
      -0.15096335265454952,
      -43.26566361902821,
      -25.229805971185314,
      -0.9760440756122709,
      50.35648851294882
    ],
    "mixed_midrise|NLoS|low_ant": [
      0.004572618562957605,
      -1.0773955571748588,
      2.5418348033604885,
      1.6768158373875865,
      -43.141490371266805,
      11.157918055121849,
      10.287972464247318,
      6.678119765472117,
      1.7811459876258493,
      3.7777589059915035,
      -0.5899595421783478,
      -7.4210010616773285,
      -19.032235414761733,
      -0.5788542133093506,
      206.25565463683992
    ],
    "open_lowrise|LoS|high_ant": [
      -0.0006865591327399657,
      0.7837319629235026,
      3.0591657156913854,
      0.08346402403815166,
      0.3098202499540013,
      -1.8707230412302467,
      -1.794559503991387,
      -0.036894734520924975,
      0.006126292335428499,
      -1.326240980927367,
      0.23504666337264488,
      -47.48457590699915,
      -28.299866285961798,
      0.23955164390489353,
      48.12275361736722
    ],
    "open_lowrise|NLoS|high_ant": [
      -0.001030195602461486,
      0.5550944834394927,
      5.718799900705888,
      -1.0962996155761726,
      0.1414576441317404,
      -6.494394019476807,
      10.830008118135073,
      -0.23061366008217304,
      0.49380340837326975,
      5.23050082589974,
      -0.7908289311316146,
      -9.218279253186537,
      -11.842871327868663,
      -8.381919440747255,
      81.05599326130371
    ],
    "open_lowrise|LoS|low_ant": [
      -0.0007942924709326561,
      0.6654493094755977,
      4.231129295707054,
      -0.018631840868008197,
      -0.989849942311471,
      -1.659139420835043,
      0.1294592512174284,
      0.20066824969829186,
      -0.014202300216879285,
      -0.7559100870989467,
      0.1119886227767415,
      -60.2173825430209,
      -35.29619326319778,
      1.4105386910465274,
      64.09197202569935
    ],
    "open_lowrise|NLoS|low_ant": [
      0.004972134300348183,
      -1.1913940656056405,
      3.3484352290202946,
      0.8241803687919416,
      -34.62944466048664,
      6.3241679724575715,
      19.72235272230385,
      5.1737783070091625,
      1.361879142777042,
      2.623765213035624,
      -0.4489490268957847,
      -5.541317232357291,
      -18.811894501631794,
      -5.515383831743183,
      197.87433858831562
    ],
    "open_lowrise|LoS|mid_ant": [
      -0.0005286390367074622,
      0.6981734757678674,
      3.5184245920462796,
      -0.1496041925323956,
      0.033587138007387,
      1.3337039199135339,
      -1.3380568172803444,
      0.013035111631294631,
      0.012547222907194767,
      -0.7749018411668236,
      0.1260688976319587,
      -51.397003705357406,
      -30.318184827731606,
      0.24060036856045883,
      55.427796715021024
    ],
    "open_lowrise|NLoS|mid_ant": [
      0.0016054163424875426,
      -0.5006362247240126,
      8.167216506544792,
      -1.262740915146673,
      -14.937160967184369,
      8.79495072391757,
      2.415507357963145,
      2.2507208174330002,
      1.0202212429845692,
      12.112861196830265,
      -1.970517984298523,
      -8.31642200906667,
      -17.9011967709348,
      -13.92667044198113,
      157.61556471858793
    ],
    "dense_highrise|LoS|mid_ant": [
      -0.0006922053070893391,
      0.7452126116093057,
      3.3815586537545523,
      -0.007684314715506307,
      -0.16043851937954365,
      -0.512430024090442,
      -0.46931162174576185,
      0.038647805520082595,
      0.08091215491438676,
      -0.04024998923173294,
      0.0076390250343242715,
      -49.802488948548124,
      -29.385649627181238,
      -0.17083365285420554,
      51.89169744499519
    ],
    "dense_highrise|NLoS|mid_ant": [
      0.0057371449011969205,
      -1.4098438699932785,
      4.112896609898907,
      1.3120896617363353,
      -34.561307959771256,
      6.20904979268207,
      6.475769909557179,
      5.235919929156255,
      1.368964219115328,
      12.404412450858645,
      -1.7992887657525147,
      -3.6740994120599404,
      -7.714892494912779,
      -5.821065448843,
      195.57091520044688
    ],
    "dense_highrise|LoS|high_ant": [
      -0.0012179557645159691,
      0.9154217814137154,
      2.8558502340837646,
      -0.05493173565570248,
      0.7241139844928433,
      -0.2868652034582284,
      -1.0407972791487463,
      -0.12112409551409584,
      0.1799968173036258,
      -0.4044547069235941,
      0.07541034689076004,
      -43.51894912611648,
      -25.846836708878648,
      -0.24511715656994432,
      38.302551292193435
    ],
    "dense_highrise|NLoS|high_ant": [
      0.0037265481569182628,
      -0.7601524864086954,
      5.44338012972728,
      0.43335942861799276,
      -22.121034832868318,
      3.31997880426839,
      -0.46784012358004284,
      3.3443254473746573,
      1.204635720822196,
      22.40640978430368,
      -3.433403572576257,
      -5.877898465809386,
      -4.480358352835594,
      -8.587312969476194,
      150.38747118196486
    ],