{
  "model_type": "global_nlos_ridge_cost231",
  "feature_names": [
    "pl_c",
    "log1p_d2d",
    "density_15",
    "density_41",
    "height_15",
    "height_41",
    "density_41_x_logd",
    "nlos_15",
    "nlos_41",
    "nlos_41_x_logd",
    "shadow_sigma",
    "theta_norm",
    "nlos_41_x_theta",
    "bias"
  ],
  "coefficients": {
    "all|NLoS|all_ant": [
      0.005837546212479339,
      5.643602578487406,
      0.08408296096649957,
      -25.718482773263553,
      5.779911726839091,
      1.7495793256622225,
      3.914277997905629,
      1.2573816882781772,
      12.469863675505644,
      -1.8064104734822044,
      -8.644925843810775,
      -15.98960866904504,
      -7.06047248102979,
      133.81699396934903
    ]
  },
  "diagnostics": {
    "all|NLoS|all_ant": {
      "fit_pixels": 10286145,
      "fit_rmse_db": 3.248918136284921,
      "raw_design_condition": 34725.72785178781,
      "standardized_design_condition": 71.68701514573145,
      "feature_mean": [
        130.2984046534893,
        5.2751191627524925,
        0.17726093738384938,
        0.2766478976002308,
        0.025065445744242205,
        0.04587027270699064,
        1.4484459408529151,
        0.6846617440285673,
        0.4980951990472096,
        2.642036441060691,
        6.165521058453688,
        0.28171559715329514,
        0.12058745175698846
      ],
      "feature_std": [
        6.187436306772355,
        0.421071442382948,
        0.19643038626660744,
        0.1857033033073076,
        0.03743165951252575,
        0.04798298913098549,
        0.9746986445457323,
        0.25514820380222064,
        0.23935244192643873,
        1.3121611298948535,
        0.41570063189511314,
        0.17424228762050953,
        0.07360964366829001
      ]
    }
  }
}
