{
  "model_type": "regime_nlos_ridge_cost231",
  "feature_names": [
    "pl_c",
    "log1p_d2d",
    "density_15",
    "density_41",
    "height_15",
    "height_41",
    "density_41_x_logd",
    "nlos_15",
    "nlos_41",
    "nlos_41_x_logd",
    "shadow_sigma",
    "theta_norm",
    "nlos_41_x_theta",
    "bias"
  ],
  "coefficients": {
    "dense_highrise|NLoS|high_ant": [
      -0.09822091520872406,
      8.071774809659077,
      -0.6132672951209583,
      -16.952775198592267,
      3.3002412322934083,
      -3.8892061544786576,
      2.6948459459110707,
      1.1622508130533027,
      19.227897597023205,
      -2.83280374943136,
      -8.194832191629924,
      -14.172662215404955,
      -9.183557493533652,
      130.52018974925795
    ],
    "dense_highrise|NLoS|low_ant": [
      0.1086152999311541,
      3.980019566355855,
      2.2100729955106924,
      -27.054175671703902,
      7.5162466010423445,
      3.309901811656663,
      3.6843480959093196,
      2.5129169564906437,
      -1.4659105005830178,
      0.3034118769719569,
      -10.436434216419967,
      -19.282087336075097,
      3.8696759597342076,
      141.1569151973667
    ],
    "dense_highrise|NLoS|mid_ant": [
      0.11746749730320925,
      3.320932549110841,
      0.7561846146982075,
      -33.52468561366001,
      7.338815917666841,
      3.197288982636432,
      5.137700956136736,
      1.5022483553724615,
      7.311766976887094,
      -1.0058417625590783,
      -11.28925925530089,
      -22.991301615180976,
      -4.261036213204745,
      150.02408508481716
    ],
    "mixed_midrise|NLoS|high_ant": [
      -0.05456436368078529,
      8.183095226370158,
      -1.6564496698814843,
      -5.652884818308317,
      1.1357227698657526,
      -7.073187309299342,
      1.063613195162733,
      0.8745322506219986,
      13.902309311228201,
      -1.641771298409385,
      -7.295791960263156,
      -10.187618964548285,
      -13.900993582652339,
      117.018313422575
    ],
    "mixed_midrise|NLoS|low_ant": [
      0.2563822633376331,
      0.018261177044110472,
      1.2554772091990907,
      -44.61864644383854,
      14.005782368218117,
      7.134062236459267,
      6.9410944579007925,
      1.8151111621776645,
      -7.649800285863904,
      1.3006379538501878,
      -17.972916964713328,
      -39.138671131481615,
      9.438488598004575,
      194.4748395297766
    ],
    "mixed_midrise|NLoS|mid_ant": [
      0.10967142826471939,
      4.26548870175672,
      -0.5691417210986575,
      -29.25982946210978,
      15.925563905327914,
      -5.266686844313282,
      4.572907496312999,
      1.968195047377016,
      11.32753226493638,
      -1.9256088922137273,
      -7.3525130706291515,
      -13.965305044308932,
      -7.76063742131523,
      119.16124516006192
    ],
    "open_lowrise|NLoS|high_ant": [
      0.14000142370488133,
      7.161723082986606,
      -1.3027762976291697,
      3.9275102411133234,
      -3.635569498859282,
      5.147277898214179,
      -0.7997913663673293,
      0.5245816969965352,
      -1.816008024476233,
      0.36226174151944746,
      -9.330669294335733,
      -14.829680893374007,
      -6.014280210996682,
      111.43137913291247
    ],
    "open_lowrise|NLoS|low_ant": [
      0.19819674095166645,
      1.494707555702654,
      0.11143208241917926,
      -44.63797431211068,
      9.779530689223757,
      17.192938353295375,
      6.989135231312571,
      1.2171976997125646,
      -2.9696142490826087,
      0.5704764753277984,
      -14.125530637846703,
      -31.59793182226056,
      -5.703568984808294,
      168.8627049375462
    ],
    "open_lowrise|NLoS|mid_ant": [
      -0.11722360621326629,
      8.669729710393383,
      -1.9438517661583539,
      -14.501030015817888,
      16.168266681480613,
      -3.1646163268729888,
      2.2937983959950605,
      1.1418866898248914,
      15.473961347949288,
      -2.3907383854486866,
      -10.152455377955953,
      -20.71881630761611,
      -19.05236305606759,
      144.4468888182477
    ]
  },
  "diagnostics": {
    "dense_highrise|NLoS|high_ant": {
      "fit_pixels": 2370312,
      "fit_rmse_db": 2.4154242745065027,
      "raw_design_condition": 59951.9159716473,
      "standardized_design_condition": 96.3156018788866,
      "feature_mean": [
        127.94251748317193,
        5.364986383981766,
        0.248169017378019,
        0.36754225285162945,
        0.04075982312833049,
        0.07368756953021946,
        1.9624602196945173,
        0.5932734113887899,
        0.3937406726961249,
        2.127892829773029,
        5.708502471538825,
        0.4790242853540158,
        0.1764619136508168
      ],
      "feature_std": [
        4.495221109646185,
        0.3328701968613896,
        0.22021062653801382,
        0.18351097301056177,
        0.04594500476000135,
        0.057018290230853155,
        0.9776966428677818,
        0.26117635030542347,
        0.20470982392842774,
        1.1393543040176406,
        0.41086155171920075,
        0.14518065208636582,
        0.08818761347030003
      ]
    },
    "dense_highrise|NLoS|low_ant": {
      "fit_pixels": 2531462,
      "fit_rmse_db": 4.064345846678993,
      "raw_design_condition": 45490.51644162469,
      "standardized_design_condition": 95.68009781893741,
      "feature_mean": [
        130.73472262520178,
        5.11333653395904,
        0.12323775423719695,
        0.2242956614408281,
        0.019801812930585243,
        0.03965360596355925,
        1.1196220462970274,
        0.7813183134838441,
        0.6157517937772875,
        3.1857558172210196,
        6.419966926567595,
        0.16511668384112418,
        0.0939376931497306
      ],
      "feature_std": [
        7.843169713028892,
        0.521301028666435,
        0.16614382546311343,
        0.18177994077616735,
        0.03721236130051949,
        0.04736888231470419,
        0.9019780953747836,
        0.22285864820628803,
        0.23350027028790707,
        1.3146512311705945,
        0.22592151636655172,
        0.10372410340803051,
        0.05441198148083533
      ]
    },
    "dense_highrise|NLoS|mid_ant": {
      "fit_pixels": 2566999,
      "fit_rmse_db": 3.365720754763355,
      "raw_design_condition": 60142.36287202021,
      "standardized_design_condition": 149.23849271714803,
      "feature_mean": [
        130.29021958993232,
        5.251619200230241,
        0.15718023196547057,
        0.2666276633500607,
        0.02353963918103748,
        0.04628414910082175,
        1.382731480632075,
        0.7296361447156544,
        0.5495686727234966,
        2.9127454295106174,
        6.253442386407486,
        0.2513750320421831,
        0.130676129884585
      ],
      "feature_std": [
        5.903418038934836,
        0.4130459535198727,
        0.18723487782390605,
        0.1899495135516532,
        0.03826854161264979,
        0.04796165140364843,
        0.9813698767248259,
        0.24016477957549437,
        0.23288649080091325,
        1.2997959309940947,
        0.24930354816978587,
        0.10693709795851394,
        0.06472657950911727
      ]
    },
    "mixed_midrise|NLoS|high_ant": {
      "fit_pixels": 427414,
      "fit_rmse_db": 2.1131822621949805,
      "raw_design_condition": 67036.44291598136,
      "standardized_design_condition": 98.0097510470045,
      "feature_mean": [
        128.62191083781588,
        5.415941524010385,
        0.2731946762598518,
        0.353498652949574,
        0.033172658002712255,
        0.04919962704559723,
        1.909979722055225,
        0.516919196766556,
        0.31573711250338404,
        1.7234527141764089,
        5.753293713319681,
        0.46384993144751535,
        0.13512054040425348
      ],