height_bin,overall_rmse_db,overall_mae_db,overall_pixels,los_rmse_db,los_mae_db,los_pixels,nlos_rmse_db,nlos_mae_db,nlos_pixels,maps
12--50,2.1875833832029454,1.3402454118964426,88054959,1.7943110840420082,1.113161540951834,75875780,3.813324229598816,2.7549685088590143,12179179,624
50--150,1.9538190974041498,1.2376711659289859,226556249,1.7787955911271227,1.1459522565392533,209286244,3.4255447007815856,2.349165114538351,17270005,1385
150--300,1.6557017615522749,1.0935124215890708,71817073,1.63702580586324,1.0794987090048296,70284911,2.3584534336788736,1.7363638575096623,1532162,387
300--500,1.5590809385854376,1.0128999892234125,36658838,1.549610118133592,1.0043102342422103,36274870,2.2830273210300502,1.824405753440644,383968,194
